INSERT INTO Student (student_id, name, email, major, year) VALUES
(200899, '조종원', 'jjw@naver.com', '통계학과', 4),
(200900, '이준호', 'junho_lee@naver.com', '수학과', 3),
(200901, '박서연', 'seo_park@gmail.com', '수학과', 2),
(200902, '최지훈', 'jihoon.choi@gmail.com', '컴퓨터공학과', 3),
(200903, '정예린', 'yerin.jeong@daum.net', '경제학과', 1),
(200904, '한동우', 'dongwoo.han@naver.com', '경제학과', 3),
(200905, '윤하윤', 'hayoon.yoon@naver.com', '경제학과', 3),
(200906, '강채원', 'chaewon.kang@daum.net', '경제학과', 4),
(200907, '조현우', 'hyunwoo_jo@gmail.com', '컴퓨터공학과', 4),
(200908, '배서진', 'seo.bae@daum.net', '통계학과', 4);


INSERT INTO Study (study_id, title, day_of_week, max_participants, leader_id) VALUES
(301, 'SQL 심화반', '월요일', 10, 200899),
(302, 'DB시스템', '화요일', 13, 200900),
(303, '알고리즘 스터디', '수요일', 9, 200901),
(304, '파이썬 자동화', '목요일', 14, 200902),
(305, '머신러닝 입문', '금요일', 7, 200903);


INSERT INTO Application (application_id, status, student_id, study_id) VALUES
('A001', '승인', 200904, 302),
('A002', '승인', 200906, 302),
('A003', '거절', 200904, 305),
('A004', '취소', 200907, 305),
('A005', '취소', 200907, 304),
('A006', '승인', 200905, 304),
('A007', '대기', 200908, 304),
('A008', '승인', 200904, 305),
('A009', '거절', 200906, 301),
('A010', '대기', 200908, 304),
('A011', '대기', 200907, 305),
('A012', '대기', 200907, 305),
('A013', '승인', 200904, 303),
('A014', '거절', 200908, 302),
('A015', '승인', 200908, 303),
('A016', '취소', 200907, 301),
('A017', '취소', 200904, 305),
('A018', '승인', 200905, 305),
('A019', '승인', 200904, 301),
('A020', '대기', 200904, 302),
('A021', '대기', 200905, 303),
('A022', '거절', 200908, 304),
('A023', '대기', 200906, 303),
('A024', '대기', 200904, 305),
('A025', '승인', 200908, 305);


INSERT INTO Participation (participation_id, student_id, study_id, status) VALUES
(1, 200904, 302, '완료'),
(2, 200906, 302, '참여중'),
(3, 200905, 304, '탈퇴'),
(4, 200904, 305, '완료'),
(5, 200904, 303, '참여중'),
(6, 200908, 303, '완료'),
(7, 200905, 305, '참여중'),
(8, 200904, 301, '완료'),
(9, 200908, 305, '완료');


INSERT INTO Attendance (participation_id, date, status) VALUES
(1, '2025-06-01', '결석'),
(1, '2025-06-02', '출석'),
(1, '2025-06-03', '출석'),
(2, '2025-06-01', '지각'),
(2, '2025-06-02', '지각'),
(2, '2025-06-03', '결석'),
(3, '2025-06-01', '지각'),
(3, '2025-06-02', '출석'),
(3, '2025-06-03', '출석'),
(4, '2025-06-01', '출석'),
(4, '2025-06-02', '지각'),
(4, '2025-06-03', '출석'),
(5, '2025-06-01', '지각'),
(5, '2025-06-02', '출석'),
(6, '2025-06-01', '결석'),
(6, '2025-06-02', '출석'),
(6, '2025-06-03', '출석'),
(7, '2025-06-01', '결석'),
(7, '2025-06-02', '출석'),
(8, '2025-06-01', '출석'),
(8, '2025-06-02', '출석'),
(9, '2025-06-01', '출석'),
(9, '2025-06-02', '지각');


INSERT INTO Review (participation_id, rating, content) VALUES
(1, 5, '실습 위주의 수업이라 도움이 많이 됐습니다. 강의 내용도 깔끔했어요.'),
(3, 2, '스터디 진행 속도가 조금 빨라서 따라가기 어려웠습니다.'),
(4, 4, '조용하고 집중할 수 있는 분위기였어요. 추천합니다.'),
(6, 5, '자료도 잘 준비되어 있었고 설명이 명확해서 좋았습니다.'),
(8, 3, '스터디 주제는 좋았지만 시간 관리가 아쉬웠어요.'),
(9, 4, '실전 문제 중심으로 진행돼서 실력 향상에 도움이 됐습니다.');


